Country,Date,No. of confirmed cases,No. of confirmed deaths
Guinea,29/08/2014,482,287
Nigeria,29/08/2014,15,6
Sierra Leone,29/08/2014,935,380
Liberia,29/08/2014,322,225
Guinea,05/09/2014,604,362
Liberia,05/09/2014,614,431
Nigeria,05/09/2014,18,7
Senegal,05/09/2014,1,0
Sierra Leone,05/09/2014,1146,443
Nigeria,08/09/2014,19,7
Senegal,08/09/2014,1,0
Liberia,08/09/2014,634,508
Guinea,08/09/2014,664,400
Sierra Leone,08/09/2014,1234,461
Nigeria,12/09/2014,19,7
Guinea,12/09/2014,678,403
Sierra Leone,12/09/2014,1287,478
Senegal,12/09/2014,1,0
Liberia,12/09/2014,654,498
Nigeria,16/09/2014,19,7
Sierra Leone,16/09/2014,1464,514
Senegal,16/09/2014,1,0
Guinea,16/09/2014,743,429
Liberia,16/09/2014,790,563
Senegal,18/09/2014,1,0
Sierra Leone,18/09/2014,1513,517
Liberia,18/09/2014,812,631
Guinea,18/09/2014,750,435
Nigeria,18/09/2014,19,7
Guinea,22/09/2014,818,465
Liberia,22/09/2014,863,670
Nigeria,22/09/2014,19,7
Senegal,22/09/2014,1,0
Sierra Leone,22/09/2014,1640,545
Liberia,24/09/2014,890,671
Senegal,24/09/2014,1,0
Nigeria,24/09/2014,19,7
Guinea,24/09/2014,832,468
Sierra Leone,24/09/2014,1745,552
Guinea,26/09/2014,876,481
Sierra Leone,26/09/2014,1816,557
Senegal,26/09/2014,1,0
Nigeria,26/09/2014,19,7
Liberia,26/09/2014,914,792
Sierra Leone,01/10/2014,2076,574
Liberia,01/10/2014,927,890
Guinea,01/10/2014,950,535
Senegal,01/10/2014,1,0
Nigeria,01/10/2014,19,7
United States of America,03/10/2014,1,0
Guinea,03/10/2014,977,562
Liberia,03/10/2014,931,934
Nigeria,03/10/2014,19,7
Senegal,03/10/2014,1,0
Sierra Leone,03/10/2014,2179,575
Nigeria,08/10/2014,19,7
United States of America,08/10/2014,1,0
Sierra Leone,08/10/2014,2455,725
Guinea,08/10/2014,1044,587
Senegal,08/10/2014,1,0
Liberia,08/10/2014,941,1018
Senegal,10/10/2014,1,0
Guinea,10/10/2014,1097,598
Nigeria,10/10/2014,19,7
Spain,10/10/2014,1,0
United States of America,10/10/2014,1,0
Sierra Leone,10/10/2014,2593,753
Liberia,10/10/2014,943,1072
Senegal,15/10/2014,1,0
Nigeria,15/10/2014,19,7
Liberia,15/10/2014,950,
United States of America,15/10/2014,2,1
Sierra Leone,15/10/2014,2849,926
Guinea,15/10/2014,1184,653
Spain,15/10/2014,1,0
United States of America,17/10/2014,3,1
Spain,17/10/2014,1,0
Sierra Leone,17/10/2014,2977,932
Guinea,17/10/2014,1217,671
Nigeria,17/10/2014,19,7
Senegal,17/10/2014,1,0
Senegal,22/10/2014,1,0
Liberia,22/10/2014,965,1241
Spain,22/10/2014,1,0
United States of America,22/10/2014,3,1
Nigeria,22/10/2014,19,7
Sierra Leone,22/10/2014,3223,986
Guinea,22/10/2014,1289,710
Guinea,25/10/2014,1312,732
United States of America,25/10/2014,4,1
Nigeria,25/10/2014,19,7
Sierra Leone,25/10/2014,3389,1008
Spain,25/10/2014,1,0
Senegal,25/10/2014,1,0
Mali,25/10/2014,1,1
Liberia,25/10/2014,965,1241
Spain,29/10/2014,1,0
United States of America,29/10/2014,4,1
Guinea,29/10/2014,1391,
Senegal,29/10/2014,1,0
Mali,29/10/2014,1,1
Nigeria,29/10/2014,19,7
Sierra Leone,29/10/2014,3700,
Liberia,29/10/2014,2515,
Liberia,31/10/2014,2515,
Mali,31/10/2014,1,1
Senegal,31/10/2014,1,0
Guinea,31/10/2014,1409,
Spain,31/10/2014,1,0
Sierra Leone,31/10/2014,3778,
United States of America,31/10/2014,4,1
Nigeria,31/10/2014,19,7
Nigeria,05/11/2014,19,7
Liberia,05/11/2014,2451,
Sierra Leone,05/11/2014,4057,893
Spain,05/11/2014,1,0
Mali,05/11/2014,1,1
United States of America,05/11/2014,4,1
Guinea,05/11/2014,1457,837
Senegal,05/11/2014,1,0
United States of America,07/11/2014,4,1
Guinea,07/11/2014,1479,850
Liberia,07/11/2014,2514,
Spain,07/11/2014,1,0
Senegal,07/11/2014,1,0
Nigeria,07/11/2014,19,7
Mali,07/11/2014,1,1
Sierra Leone,07/11/2014,4149,921
Sierra Leone,12/11/2014,4523,960
Nigeria,12/11/2014,19,7
Liberia,12/11/2014,2553,
Mali,12/11/2014,2,2
Guinea,12/11/2014,1612,934
United States of America,12/11/2014,4,1
Spain,12/11/2014,1,0
Senegal,12/11/2014,1,0
Nigeria,14/11/2014,19,7
Guinea,14/11/2014,1647,958
United States of America,14/11/2014,4,1
Spain,14/11/2014,1,0
Senegal,14/11/2014,1,0
Mali,14/11/2014,3,
Sierra Leone,14/11/2014,4683,978
Liberia,14/11/2014,2562,
Nigeria,19/11/2014,19,7
Senegal,19/11/2014,1,0
Mali,19/11/2014,5,4
Sierra Leone,19/11/2014,5056,1041
Liberia,19/11/2014,2643,
Spain,19/11/2014,1,0
United States of America,19/11/2014,4,1
Guinea,19/11/2014,1698,982
Mali,21/11/2014,5,5
Sierra Leone,21/11/2014,5152,1058
Nigeria,21/11/2014,19,7
Spain,21/11/2014,1,0
Senegal,21/11/2014,1,0
United States of America,21/11/2014,4,1
Liberia,21/11/2014,2669,
Guinea,21/11/2014,1745,998
Liberia,26/11/2014,2727,
Sierra Leone,26/11/2014,5441,1189
Guinea,26/11/2014,1850,1050
Nigeria,26/11/2014,19,7
United States of America,26/11/2014,4,1
Spain,26/11/2014,1,0
Senegal,26/11/2014,1,0
Mali,26/11/2014,7,5
United States of America,01/12/2014,4,1
Spain,01/12/2014,1,0
Guinea,01/12/2014,1921,1102
Liberia,01/12/2014,2801,
Nigeria,01/12/2014,19,7
Mali,01/12/2014,7,
Senegal,01/12/2014,1,0
Sierra Leone,01/12/2014,5831,1321
Mali,03/12/2014,7,
Liberia,03/12/2014,2801,
Senegal,03/12/2014,1,0
Sierra Leone,03/12/2014,5978,1374
United States of America,03/12/2014,4,1
Nigeria,03/12/2014,19,7
Guinea,03/12/2014,1929,1117
Spain,03/12/2014,1,0
Senegal,10/12/2014,1,0
Mali,10/12/2014,7,
Spain,10/12/2014,1,0
Guinea,10/12/2014,2051,1207
Liberia,10/12/2014,2830,
Sierra Leone,10/12/2014,6375,1559
Nigeria,10/12/2014,19,7
United States of America,10/12/2014,4,1
Mali,15/12/2014,7,
Guinea,15/12/2014,2115,1255
Nigeria,15/12/2014,19,7
United States of America,15/12/2014,4,1
Senegal,15/12/2014,1,0
Spain,15/12/2014,1,0
Liberia,15/12/2014,2946,
Sierra Leone,15/12/2014,6638,1824
Spain,17/12/2014,1,0
Nigeria,17/12/2014,19,7
Liberia,17/12/2014,2946,
Mali,17/12/2014,7,
Sierra Leone,17/12/2014,6702,1876
Senegal,17/12/2014,1,0
United States of America,17/12/2014,4,1
Guinea,17/12/2014,2127,1262
Senegal,22/12/2014,1,0
Sierra Leone,22/12/2014,6975,2190
Liberia,22/12/2014,3085,
United States of America,22/12/2014,4,1
Mali,22/12/2014,7,
Nigeria,22/12/2014,19,7
Guinea,22/12/2014,2259,1323
Spain,22/12/2014,1,0
Nigeria,23/12/2014,19,7
Guinea,23/12/2014,2284,1344
Liberia,23/12/2014,3085,
Mali,23/12/2014,7,
Spain,23/12/2014,1,0
United States of America,23/12/2014,4,1
Senegal,23/12/2014,1,0
Sierra Leone,23/12/2014,7017,2216
Sierra Leone,24/12/2014,7017,2216
Nigeria,24/12/2014,19,7
Spain,24/12/2014,1,0
Senegal,24/12/2014,1,0
Liberia,24/12/2014,3085,
Guinea,24/12/2014,2284,1344
United States of America,24/12/2014,4,1
Mali,24/12/2014,7,
United States of America,26/12/2014,4,1
Liberia,26/12/2014,3085,
Spain,26/12/2014,1,0
Guinea,26/12/2014,2342,1385
Sierra Leone,26/12/2014,7160,2289
Mali,26/12/2014,7,
Nigeria,26/12/2014,19,7
Senegal,26/12/2014,1,0
Liberia,29/12/2014,3108,
Mali,29/12/2014,7,
Guinea,29/12/2014,2384,1422
Nigeria,29/12/2014,19,7
United States of America,29/12/2014,4,1
Senegal,29/12/2014,1,0
Spain,29/12/2014,1,0
Sierra Leone,29/12/2014,7326,2366
Nigeria,30/12/2014,19,7
United States of America,30/12/2014,4,1
Guinea,30/12/2014,2397,1433
Spain,30/12/2014,1,0
Liberia,30/12/2014,3108,
Senegal,30/12/2014,1,0
Mali,30/12/2014,7,
Sierra Leone,30/12/2014,7354,2392
Sierra Leone,31/12/2014,7354,2392
Nigeria,31/12/2014,19,7
Spain,31/12/2014,1,0
United States of America,31/12/2014,4,1
Guinea,31/12/2014,2397,1433
Liberia,31/12/2014,3110,
Senegal,31/12/2014,1,0
Mali,31/12/2014,7,
Nigeria,02/01/2015,19,7
Spain,02/01/2015,1,0
United Kingdom,02/01/2015,1,
Mali,02/01/2015,7,
Liberia,02/01/2015,3110,
Senegal,02/01/2015,1,0
Guinea,02/01/2015,2435,1463
United States of America,02/01/2015,4,1
Sierra Leone,02/01/2015,7476,2461
Liberia,05/01/2015,3116,
Spain,05/01/2015,1,0
Guinea,05/01/2015,2465,1488
Sierra Leone,05/01/2015,7570,2549
Nigeria,05/01/2015,19,7
Mali,05/01/2015,7,
United Kingdom,05/01/2015,1,
Senegal,05/01/2015,1,0
United States of America,05/01/2015,4,1
Senegal,06/01/2015,1,0
Spain,06/01/2015,1,0
Nigeria,06/01/2015,19,7
United States of America,06/01/2015,4,1
Sierra Leone,06/01/2015,7602,2577
Liberia,06/01/2015,3118,
Guinea,06/01/2015,2471,1499
Mali,06/01/2015,7,
United Kingdom,06/01/2015,1,0
Nigeria,07/01/2015,19,7
United States of America,07/01/2015,4,1
Mali,07/01/2015,7,
Sierra Leone,07/01/2015,7602,2577
Liberia,07/01/2015,3118,
Guinea,07/01/2015,2471,1499
United Kingdom,07/01/2015,1,0
Spain,07/01/2015,1,0
Senegal,07/01/2015,1,0
Liberia,08/01/2015,3118,
Sierra Leone,08/01/2015,7759,2611
United Kingdom,08/01/2015,1,
Guinea,08/01/2015,2477,1504
Mali,08/01/2015,7,
Mali,09/01/2015,7,
Sierra Leone,09/01/2015,7759,2611
Liberia,09/01/2015,3123,
United Kingdom,09/01/2015,1,
Guinea,09/01/2015,2493,1515
Liberia,12/01/2015,3123,
Mali,12/01/2015,7,
United Kingdom,12/01/2015,1,
Guinea,12/01/2015,2508,1523
Sierra Leone,12/01/2015,7766,2683
Liberia,13/01/2015,3123,
Sierra Leone,13/01/2015,7766,2683
Mali,13/01/2015,7,
Guinea,13/01/2015,2508,1523
United Kingdom,13/01/2015,1,
Sierra Leone,14/01/2015,7786,2696
United States of America,14/01/2015,4,1
Mali,14/01/2015,7,
Guinea,14/01/2015,2514,1530
Liberia,14/01/2015,3127,
Senegal,14/01/2015,1,0
Spain,14/01/2015,1,0
United Kingdom,14/01/2015,1,
Nigeria,14/01/2015,19,7
Senegal,15/01/2015,1,0
Mali,15/01/2015,7,
Liberia,15/01/2015,3127,
United Kingdom,15/01/2015,1,
Sierra Leone,15/01/2015,7802,2701
United States of America,15/01/2015,4,1
Nigeria,15/01/2015,19,7
Spain,15/01/2015,1,0
Guinea,15/01/2015,2522,1537
United States of America,16/01/2015,4,1
Spain,16/01/2015,1,0
Mali,16/01/2015,7,
Liberia,16/01/2015,3127,
Guinea,16/01/2015,2525,1541
Senegal,16/01/2015,1,0
United Kingdom,16/01/2015,1,
Nigeria,16/01/2015,19,7
Sierra Leone,16/01/2015,7825,2717
Guinea,19/01/2015,2539,1556
Nigeria,19/01/2015,19,7
Mali,19/01/2015,7,
Spain,19/01/2015,1,0
Sierra Leone,19/01/2015,7883,2766
Liberia,19/01/2015,3131,
Senegal,19/01/2015,1,0
United States of America,19/01/2015,4,1
United Kingdom,19/01/2015,1,
Mali,20/01/2015,7,
Senegal,20/01/2015,1,0
Liberia,20/01/2015,3135,
Guinea,20/01/2015,2539,1557
Nigeria,20/01/2015,19,7
Spain,20/01/2015,1,0
United Kingdom,20/01/2015,1,
Sierra Leone,20/01/2015,7903,2779
United States of America,20/01/2015,4,1
United States of America,21/01/2015,4,1
Nigeria,21/01/2015,19,7
Guinea,21/01/2015,2539,1557
Sierra Leone,21/01/2015,7903,2779
United Kingdom,21/01/2015,1,
Liberia,21/01/2015,3135,
Senegal,21/01/2015,1,0
Mali,21/01/2015,7,
Spain,21/01/2015,1,0
Sierra Leone,22/01/2015,7909,2787
Mali,22/01/2015,7,
Liberia,22/01/2015,3136,
Senegal,22/01/2015,1,0
Guinea,22/01/2015,2542,1560
United Kingdom,22/01/2015,1,
United States of America,22/01/2015,4,1
Spain,22/01/2015,1,0
Nigeria,22/01/2015,19,7
Spain,23/01/2015,1,0
Mali,23/01/2015,7,
Senegal,23/01/2015,1,0
Liberia,23/01/2015,3136,
United Kingdom,23/01/2015,1,
Sierra Leone,23/01/2015,7921,2793
Nigeria,23/01/2015,19,7
Guinea,23/01/2015,2545,1561
United States of America,23/01/2015,4,1
Sierra Leone,26/01/2015,7963,2829
Mali,26/01/2015,7,
United States of America,26/01/2015,4,1
Liberia,26/01/2015,3136,
Guinea,26/01/2015,2559,1574
Spain,26/01/2015,1,0
United Kingdom,26/01/2015,1,
Nigeria,26/01/2015,19,7
Senegal,26/01/2015,1,0
Liberia,27/01/2015,3138,
United States of America,27/01/2015,4,1
United Kingdom,27/01/2015,1,
Sierra Leone,27/01/2015,7968,2833
Senegal,27/01/2015,1,0
Spain,27/01/2015,1,0
Nigeria,27/01/2015,19,7
Mali,27/01/2015,7,
Guinea,27/01/2015,2569,1578
United Kingdom,28/01/2015,1,
Liberia,28/01/2015,3138,
Nigeria,28/01/2015,19,7
Spain,28/01/2015,1,0
Guinea,28/01/2015,2569,1578
Senegal,28/01/2015,1,0
United States of America,28/01/2015,4,1
Mali,28/01/2015,7,
Sierra Leone,28/01/2015,7968,2833
Senegal,29/01/2015,1,0
Nigeria,29/01/2015,19,7
Liberia,29/01/2015,3138,
Spain,29/01/2015,1,0
United States of America,29/01/2015,4,1
United Kingdom,29/01/2015,1,
Mali,29/01/2015,7,
Guinea,29/01/2015,2571,1579
Sierra Leone,29/01/2015,7977,2841
Sierra Leone,30/01/2015,7989,2850
Guinea,30/01/2015,2575,1581
Nigeria,30/01/2015,19,7
Mali,30/01/2015,7,
Senegal,30/01/2015,1,0
Liberia,30/01/2015,3138,
Spain,30/01/2015,1,0
United States of America,30/01/2015,4,1
United Kingdom,30/01/2015,1,
Liberia,02/02/2015,3138,
Mali,02/02/2015,7,
United Kingdom,02/02/2015,1,
Guinea,02/02/2015,2593,1595
United States of America,02/02/2015,4,1
Spain,02/02/2015,1,0
Sierra Leone,02/02/2015,8042,2908
Senegal,02/02/2015,1,0
Nigeria,02/02/2015,19,7
United Kingdom,03/02/2015,1,
Spain,03/02/2015,1,0
Senegal,03/02/2015,1,0
Guinea,03/02/2015,2608,1597
Sierra Leone,03/02/2015,8059,2910
United States of America,03/02/2015,4,1
Mali,03/02/2015,7,
Liberia,03/02/2015,3143,
Nigeria,03/02/2015,19,7
Nigeria,04/02/2015,19,7
United Kingdom,04/02/2015,1,
Mali,04/02/2015,7,
Liberia,04/02/2015,3143,
Spain,04/02/2015,1,0
Sierra Leone,04/02/2015,8059,2910
Senegal,04/02/2015,1,0
United States of America,04/02/2015,4,1
Guinea,04/02/2015,2608,1597
United Kingdom,05/02/2015,1,
Senegal,05/02/2015,1,0
Liberia,05/02/2015,3143,
Nigeria,05/02/2015,19,7
United States of America,05/02/2015,4,1
Mali,05/02/2015,7,
Sierra Leone,05/02/2015,8063,2920
Guinea,05/02/2015,2621,1600
Spain,05/02/2015,1,0
Sierra Leone,06/02/2015,8084,2935
Senegal,06/02/2015,1,0
Guinea,06/02/2015,2628,1608
Nigeria,06/02/2015,19,7
United Kingdom,06/02/2015,1,
Liberia,06/02/2015,3143,
Mali,06/02/2015,7,
United States of America,06/02/2015,4,1
Spain,06/02/2015,1,0
Senegal,10/02/2015,1,0
Liberia,10/02/2015,3146,3826
Nigeria,10/02/2015,19,7
Sierra Leone,10/02/2015,8135,2975
Spain,10/02/2015,1,0
United States of America,10/02/2015,4,1
Guinea,10/02/2015,2674,1643
Mali,10/02/2015,7,
United Kingdom,10/02/2015,1,
Nigeria,11/02/2015,19,7
Mali,11/02/2015,7,
Senegal,11/02/2015,1,0
Guinea,11/02/2015,2674,1643
Sierra Leone,11/02/2015,8135,2975
Liberia,11/02/2015,3146,3826
Spain,11/02/2015,1,0
United States of America,11/02/2015,4,1
United Kingdom,11/02/2015,1,
United States of America,12/02/2015,4,1
Liberia,12/02/2015,3146,3826
Senegal,12/02/2015,1,0
Mali,12/02/2015,7,
Spain,12/02/2015,1,0
Nigeria,12/02/2015,19,7
United Kingdom,12/02/2015,1,
Sierra Leone,12/02/2015,8138,2984
Guinea,12/02/2015,2685,1651
United States of America,13/02/2015,4,1
Guinea,13/02/2015,2693,1659
Mali,13/02/2015,7,
United Kingdom,13/02/2015,1,
Senegal,13/02/2015,1,0
Liberia,13/02/2015,3147,3858
Sierra Leone,13/02/2015,8155,2997
Spain,13/02/2015,1,0
Nigeria,13/02/2015,19,7
Spain,16/02/2015,1,0
Sierra Leone,16/02/2015,8199,3035
Nigeria,16/02/2015,19,7
United Kingdom,16/02/2015,1,
United States of America,16/02/2015,4,1
Mali,16/02/2015,7,
Guinea,16/02/2015,2720,1678
Senegal,16/02/2015,1,0
Liberia,16/02/2015,3149,
Mali,17/02/2015,7,
Sierra Leone,17/02/2015,8212,3042
United Kingdom,17/02/2015,1,
United States of America,17/02/2015,4,1
Spain,17/02/2015,1,0
Senegal,17/02/2015,1,0
Liberia,17/02/2015,3149,
Nigeria,17/02/2015,19,7
Guinea,17/02/2015,2727,1683
United Kingdom,18/02/2015,1,
United States of America,18/02/2015,4,1
Nigeria,18/02/2015,19,7
Spain,18/02/2015,1,0
Senegal,18/02/2015,1,0
Sierra Leone,18/02/2015,8212,3042
Mali,18/02/2015,7,
Liberia,18/02/2015,3149,
Guinea,18/02/2015,2727,1683
Sierra Leone,19/02/2015,8223,3057
Senegal,19/02/2015,1,0
United States of America,19/02/2015,4,1
Liberia,19/02/2015,3152,
United Kingdom,19/02/2015,1,
Guinea,19/02/2015,2732,1686
Spain,19/02/2015,1,0
Mali,19/02/2015,7,
Nigeria,19/02/2015,19,7
United Kingdom,20/02/2015,1,
Guinea,20/02/2015,2734,1688
Spain,20/02/2015,1,0
Nigeria,20/02/2015,19,7
Senegal,20/02/2015,1,0
Sierra Leone,20/02/2015,8223,3057
Mali,20/02/2015,7,
United States of America,20/02/2015,4,1
Liberia,20/02/2015,3152,
United States of America,23/02/2015,4,1
Spain,23/02/2015,1,0
Sierra Leone,23/02/2015,8223,3057
United Kingdom,23/02/2015,1,
Senegal,23/02/2015,1,0
Guinea,23/02/2015,2758,1699
Liberia,23/02/2015,3153,
Mali,23/02/2015,7,
Nigeria,23/02/2015,19,7
United States of America,25/02/2015,4,1
Sierra Leone,25/02/2015,8289,3095
United Kingdom,25/02/2015,1,
Senegal,25/02/2015,1,0
Guinea,25/02/2015,2762,1704
Liberia,25/02/2015,3153,
Mali,25/02/2015,7,
Spain,25/02/2015,1,0
Nigeria,25/02/2015,19,7
United Kingdom,26/02/2015,1,
United States of America,26/02/2015,4,1
Guinea,26/02/2015,2781,1714
Spain,26/02/2015,1,0
Mali,26/02/2015,7,
Liberia,26/02/2015,3153,
Sierra Leone,26/02/2015,8308,3113
Nigeria,26/02/2015,19,7
Senegal,26/02/2015,1,0
Guinea,27/02/2015,2790,1721
Nigeria,27/02/2015,19,7
United States of America,27/02/2015,4,1
Mali,27/02/2015,7,
United Kingdom,27/02/2015,1,
Senegal,27/02/2015,1,0
Sierra Leone,27/02/2015,8320,3124
Spain,27/02/2015,1,0
Liberia,27/02/2015,3153,
Liberia,02/03/2015,3153,
Nigeria,02/03/2015,19,7
Senegal,02/03/2015,1,0
Spain,02/03/2015,1,0
Mali,02/03/2015,7,
United States of America,02/03/2015,4,1
Sierra Leone,02/03/2015,8353,3164
United Kingdom,02/03/2015,1,
Guinea,02/03/2015,2808,1735
Liberia,04/03/2015,3153,
Mali,04/03/2015,7,
Sierra Leone,04/03/2015,8353,3164
Guinea,04/03/2015,2808,1735
Senegal,04/03/2015,1,0
Spain,04/03/2015,1,0
Nigeria,04/03/2015,19,7
United Kingdom,04/03/2015,1,
United States of America,04/03/2015,4,1
Senegal,05/03/2015,1,0
Sierra Leone,05/03/2015,8383,3199
Guinea,05/03/2015,2833,1749
Spain,05/03/2015,1,0
Nigeria,05/03/2015,19,7
Mali,05/03/2015,7,
United Kingdom,05/03/2015,1,
United States of America,05/03/2015,4,1
Liberia,05/03/2015,3150,
Senegal,06/03/2015,1,0
Sierra Leone,06/03/2015,8389,3210
Liberia,06/03/2015,3150,
Mali,06/03/2015,7,
Spain,06/03/2015,1,0
Nigeria,06/03/2015,19,7
Guinea,06/03/2015,2840,1755
United Kingdom,06/03/2015,1,
United States of America,06/03/2015,4,1
United States of America,10/03/2015,4,1
Sierra Leone,10/03/2015,8428,3263
Nigeria,10/03/2015,19,7
Liberia,10/03/2015,3150,
Mali,10/03/2015,7,
Senegal,10/03/2015,1,0
Spain,10/03/2015,1,0
Guinea,10/03/2015,2871,1778
United Kingdom,10/03/2015,1,
Guinea,11/03/2015,2871,1778
Sierra Leone,11/03/2015,8428,3263
Liberia,11/03/2015,3150,
Mali,11/03/2015,7,
Spain,11/03/2015,1,0
United States of America,11/03/2015,4,1
United Kingdom,11/03/2015,1,
Nigeria,11/03/2015,19,7
Senegal,11/03/2015,1,0
Senegal,12/03/2015,1,0
United States of America,12/03/2015,4,1
Sierra Leone,12/03/2015,8463,3289
Guinea,12/03/2015,2901,1792
Liberia,12/03/2015,3150,
United Kingdom,12/03/2015,1,
Mali,12/03/2015,7,
Spain,12/03/2015,1,0
Nigeria,12/03/2015,19,7
Liberia,13/03/2015,3150,
Guinea,13/03/2015,2911,1797
United Kingdom,13/03/2015,1,
Nigeria,13/03/2015,19,7
Senegal,13/03/2015,1,0
Sierra Leone,13/03/2015,8469,3297
United States of America,13/03/2015,4,1
Spain,13/03/2015,1,0
Mali,13/03/2015,7,
Guinea,16/03/2015,2957,1821
Nigeria,16/03/2015,19,7
Senegal,16/03/2015,1,0
Mali,16/03/2015,7,
Sierra Leone,16/03/2015,8484,3321
United States of America,16/03/2015,4,1
Spain,16/03/2015,1,0
United Kingdom,16/03/2015,1,
Liberia,16/03/2015,3150,
Sierra Leone,17/03/2015,8487,3325
Senegal,17/03/2015,1,0
United States of America,17/03/2015,4,1
Guinea,17/03/2015,2966,1829
Mali,17/03/2015,7,
Spain,17/03/2015,1,0
Nigeria,17/03/2015,19,7
United Kingdom,17/03/2015,1,
Liberia,17/03/2015,3150,
United States of America,18/03/2015,4,1
United Kingdom,18/03/2015,1,
Mali,18/03/2015,7,
Nigeria,18/03/2015,19,7
Guinea,18/03/2015,2966,1829
Senegal,18/03/2015,1,0
Sierra Leone,18/03/2015,8487,3325
Liberia,18/03/2015,3150,
Spain,18/03/2015,1,0
United Kingdom,20/03/2015,1,
Guinea,20/03/2015,2988,1846
Senegal,20/03/2015,1,0
Mali,20/03/2015,7,
Sierra Leone,20/03/2015,8508,3346
United States of America,20/03/2015,4,1
Liberia,20/03/2015,3150,
Nigeria,20/03/2015,19,7
Spain,20/03/2015,1,0
Sierra Leone,23/03/2015,8518,3376
Mali,23/03/2015,7,
Spain,23/03/2015,1,0
Nigeria,23/03/2015,19,7
United Kingdom,23/03/2015,1,
Senegal,23/03/2015,1,0
United States of America,23/03/2015,4,1
Liberia,23/03/2015,3151,
Guinea,23/03/2015,3007,1863
Senegal,24/03/2015,1,0
Guinea,24/03/2015,3011,1865
United States of America,24/03/2015,4,1
Nigeria,24/03/2015,19,7
Spain,24/03/2015,1,0
Sierra Leone,24/03/2015,8520,3381
Liberia,24/03/2015,3151,
Mali,24/03/2015,7,
United Kingdom,24/03/2015,1,
Guinea,25/03/2015,3011,1865
Spain,25/03/2015,1,0
Mali,25/03/2015,7,
Sierra Leone,25/03/2015,8520,3381
United Kingdom,25/03/2015,1,
United States of America,25/03/2015,4,1
Nigeria,25/03/2015,19,7
Senegal,25/03/2015,1,0
Liberia,25/03/2015,3151,
United Kingdom,26/03/2015,1,
United States of America,26/03/2015,4,1
Nigeria,26/03/2015,19,7
Guinea,26/03/2015,3032,1875
Liberia,26/03/2015,3151,
Spain,26/03/2015,1,0
Mali,26/03/2015,7,
Sierra Leone,26/03/2015,8529,3398
Senegal,26/03/2015,1,0
Spain,27/03/2015,1,0
Liberia,27/03/2015,3151,
Senegal,27/03/2015,1,0
Nigeria,27/03/2015,19,7
Sierra Leone,27/03/2015,8532,3407
United Kingdom,27/03/2015,1,
Mali,27/03/2015,7,
Guinea,27/03/2015,3042,1878
United States of America,27/03/2015,4,1
Guinea,07/04/2015,3089,1919
Senegal,07/04/2015,1,0
United States of America,07/04/2015,4,1
Sierra Leone,07/04/2015,8555,3466
Spain,07/04/2015,1,0
Nigeria,07/04/2015,19,7
Mali,07/04/2015,7,
United Kingdom,07/04/2015,1,
Liberia,07/04/2015,3151,
Liberia,09/04/2015,3151,
Mali,09/04/2015,7,
Senegal,09/04/2015,1,0
Guinea,09/04/2015,3093,1921
Sierra Leone,09/04/2015,8558,3475
United States of America,09/04/2015,4,1
United Kingdom,09/04/2015,1,
Nigeria,09/04/2015,19,7
Spain,09/04/2015,1,0
Senegal,13/04/2015,1,0
Mali,13/04/2015,7,
Spain,13/04/2015,1,0
Guinea,13/04/2015,3112,1928
Sierra Leone,13/04/2015,8560,3488
United States of America,13/04/2015,4,1
Nigeria,13/04/2015,19,7
United Kingdom,13/04/2015,1,
Liberia,13/04/2015,3151,
Liberia,14/04/2015,3151,
Mali,14/04/2015,7,
United States of America,14/04/2015,4,1
United Kingdom,14/04/2015,1,
Senegal,14/04/2015,1,0
Nigeria,14/04/2015,19,7
Spain,14/04/2015,1,0
Guinea,14/04/2015,3117,1932
Sierra Leone,14/04/2015,8563,3491
Guinea,15/04/2015,3117,1932
Mali,15/04/2015,7,
United States of America,15/04/2015,4,1
Spain,15/04/2015,1,0
Sierra Leone,15/04/2015,8563,3491
Liberia,15/04/2015,3151,
Senegal,15/04/2015,1,0
Nigeria,15/04/2015,19,7
United Kingdom,15/04/2015,1,
Sierra Leone,16/04/2015,8566,3499
United States of America,16/04/2015,4,1
Liberia,16/04/2015,3151,
Spain,16/04/2015,1,0
Senegal,16/04/2015,1,0
Nigeria,16/04/2015,19,7
Guinea,16/04/2015,3124,1934
United Kingdom,16/04/2015,1,
Mali,16/04/2015,7,
Spain,17/04/2015,1,0
United States of America,17/04/2015,4,1
Mali,17/04/2015,7,
Sierra Leone,17/04/2015,8569,3499
Nigeria,17/04/2015,19,7
Guinea,17/04/2015,3126,1937
Liberia,17/04/2015,3151,
United Kingdom,17/04/2015,1,
Senegal,17/04/2015,1,0
United Kingdom,20/04/2015,1,
Guinea,20/04/2015,3133,1942
Nigeria,20/04/2015,19,7
Mali,20/04/2015,7,
Spain,20/04/2015,1,0
Liberia,20/04/2015,3151,
Senegal,20/04/2015,1,0
United States of America,20/04/2015,4,1
Sierra Leone,20/04/2015,8572,3506
Liberia,21/04/2015,3151,
United States of America,21/04/2015,4,1
Spain,21/04/2015,1,0
Sierra Leone,21/04/2015,8573,3511
Nigeria,21/04/2015,19,7
Guinea,21/04/2015,3136,1943
Senegal,21/04/2015,1,0
United Kingdom,21/04/2015,1,
Mali,21/04/2015,7,
Mali,22/04/2015,7,
Nigeria,22/04/2015,19,7
Sierra Leone,22/04/2015,8575,3511
Spain,22/04/2015,1,0
United Kingdom,22/04/2015,1,
Senegal,22/04/2015,1,0
Guinea,22/04/2015,3136,1943
Liberia,22/04/2015,3151,
United States of America,22/04/2015,4,1
Sierra Leone,23/04/2015,8581,3519
Spain,23/04/2015,1,0
Liberia,23/04/2015,3151,
Guinea,23/04/2015,3144,1947
Senegal,23/04/2015,1,0
United Kingdom,23/04/2015,1,
Nigeria,23/04/2015,19,7
United States of America,23/04/2015,4,1
Mali,23/04/2015,7,
Liberia,24/04/2015,3151,
Nigeria,24/04/2015,19,7
Sierra Leone,24/04/2015,8584,3520
United Kingdom,24/04/2015,1,
Mali,24/04/2015,7,
Spain,24/04/2015,1,0
Guinea,24/04/2015,3145,1950
Senegal,24/04/2015,1,0
United States of America,24/04/2015,4,1
Spain,27/04/2015,1,0
United Kingdom,27/04/2015,1,
Guinea,27/04/2015,3154,1959
United States of America,27/04/2015,4,1
Senegal,27/04/2015,1,0
Nigeria,27/04/2015,19,7
Liberia,27/04/2015,3151,
Mali,27/04/2015,7,
Sierra Leone,27/04/2015,8585,3529
United States of America,28/04/2015,4,1
United Kingdom,28/04/2015,1,
Sierra Leone,28/04/2015,8586,3533
Spain,28/04/2015,1,0
Senegal,28/04/2015,1,0
Liberia,28/04/2015,3151,
Mali,28/04/2015,7,
Guinea,28/04/2015,3158,1962
Nigeria,28/04/2015,19,7
Liberia,30/04/2015,3151,
Senegal,30/04/2015,1,0
Mali,30/04/2015,7,
Nigeria,30/04/2015,19,7
Sierra Leone,30/04/2015,8588,3535
Guinea,30/04/2015,3159,1966
United Kingdom,30/04/2015,1,
United States of America,30/04/2015,4,1
Spain,30/04/2015,1,0
United Kingdom,01/05/2015,1,
Senegal,01/05/2015,1,0
Liberia,01/05/2015,3151,
United States of America,01/05/2015,4,1
Sierra Leone,01/05/2015,8590,3535
Spain,01/05/2015,1,0
Guinea,01/05/2015,3161,1968
Mali,01/05/2015,7,
Nigeria,01/05/2015,19,7
United Kingdom,04/05/2015,1,
United States of America,04/05/2015,4,1
Guinea,04/05/2015,3163,1970
Mali,04/05/2015,7,
Senegal,04/05/2015,1,0
Spain,04/05/2015,1,0
Sierra Leone,04/05/2015,8592,3536
Nigeria,04/05/2015,19,7
Liberia,04/05/2015,3151,
Guinea,05/05/2015,3167,1971
Spain,05/05/2015,1,0
United States of America,05/05/2015,4,1
Nigeria,05/05/2015,19,7
Senegal,05/05/2015,1,0
United Kingdom,05/05/2015,1,
Liberia,05/05/2015,3151,
Mali,05/05/2015,7,
Sierra Leone,05/05/2015,8595,3537
United States of America,06/05/2015,4,1
Liberia,06/05/2015,3151,
Mali,06/05/2015,7,
Sierra Leone,06/05/2015,8595,3537
Nigeria,06/05/2015,19,7
Guinea,06/05/2015,3167,1971
Spain,06/05/2015,1,0
United Kingdom,06/05/2015,1,
Senegal,06/05/2015,1,0
Nigeria,07/05/2015,19,7
United States of America,07/05/2015,4,1
Senegal,07/05/2015,1,0
Mali,07/05/2015,7,
United Kingdom,07/05/2015,1,
Guinea,07/05/2015,3170,1972
Spain,07/05/2015,1,0
Sierra Leone,07/05/2015,8597,3538
Liberia,07/05/2015,3151,
Sierra Leone,08/05/2015,8597,3538
Spain,08/05/2015,1,0
Mali,08/05/2015,7,
United Kingdom,08/05/2015,1,
Nigeria,08/05/2015,19,7
Senegal,08/05/2015,1,0
Guinea,08/05/2015,3170,1972
Liberia,08/05/2015,3151,
United States of America,08/05/2015,4,1
Senegal,11/05/2015,1,0
Sierra Leone,11/05/2015,8597,3538
Liberia,11/05/2015,3151,
Mali,11/05/2015,7,
Spain,11/05/2015,1,0
Guinea,11/05/2015,3173,1976
Nigeria,11/05/2015,19,7
United States of America,11/05/2015,4,1
United Kingdom,11/05/2015,1,
United States of America,12/05/2015,4,1
United Kingdom,12/05/2015,1,
Liberia,12/05/2015,3151,
Senegal,12/05/2015,1,0
Spain,12/05/2015,1,0
Guinea,12/05/2015,3174,1977
Sierra Leone,12/05/2015,8597,3538
Nigeria,12/05/2015,19,7
Mali,12/05/2015,7,
Liberia,13/05/2015,3151,
Senegal,13/05/2015,1,0
United States of America,13/05/2015,4,1
Nigeria,13/05/2015,19,7
Mali,13/05/2015,7,
Sierra Leone,13/05/2015,8597,3538
United Kingdom,13/05/2015,1,
Spain,13/05/2015,1,0
Guinea,13/05/2015,3173,1976
United Kingdom,14/05/2015,1,
Nigeria,14/05/2015,19,7
Italy,14/05/2015,1,
Sierra Leone,14/05/2015,8597,3538
United States of America,14/05/2015,4,1
Spain,14/05/2015,1,0
Liberia,14/05/2015,3151,
Guinea,14/05/2015,3187,1980
Mali,14/05/2015,7,
Senegal,14/05/2015,1,0
Senegal,15/05/2015,1,0
Sierra Leone,15/05/2015,8598,3538
Italy,15/05/2015,1,0
Mali,15/05/2015,7,
United Kingdom,15/05/2015,1,
Nigeria,15/05/2015,19,7
Liberia,15/05/2015,3151,
Guinea,15/05/2015,3189,1982
Spain,15/05/2015,1,0
United States of America,15/05/2015,4,1
Senegal,18/05/2015,1,0
Guinea,18/05/2015,3195,1986
Liberia,18/05/2015,3151,
United States of America,18/05/2015,4,1
United Kingdom,18/05/2015,1,
Sierra Leone,18/05/2015,8603,3540
Nigeria,18/05/2015,19,7
Mali,18/05/2015,7,
Spain,18/05/2015,1,0
Italy,18/05/2015,1,
United States of America,19/05/2015,4,1
Spain,19/05/2015,1,0
Senegal,19/05/2015,1,0
Sierra Leone,19/05/2015,8605,3541
Liberia,19/05/2015,3151,
United Kingdom,19/05/2015,1,
Nigeria,19/05/2015,19,7
Guinea,19/05/2015,3201,1988
Italy,19/05/2015,1,
Mali,19/05/2015,7,
Sierra Leone,20/05/2015,8605,3541
Italy,20/05/2015,1,
United Kingdom,20/05/2015,1,
Spain,20/05/2015,1,0
Guinea,20/05/2015,3201,1988
Liberia,20/05/2015,3151,
Nigeria,20/05/2015,19,7
United States of America,20/05/2015,4,1
Mali,20/05/2015,7,
Senegal,20/05/2015,1,0
United Kingdom,21/05/2015,1,
Sierra Leone,21/05/2015,8607,3541
Italy,21/05/2015,1,
Spain,21/05/2015,1,0
Nigeria,21/05/2015,19,7
United States of America,21/05/2015,4,1
Guinea,21/05/2015,3204,1990
Senegal,21/05/2015,1,0
Liberia,21/05/2015,3151,
Mali,21/05/2015,7,
Italy,22/05/2015,1,
Guinea,22/05/2015,3205,1993
Liberia,22/05/2015,3151,
Spain,22/05/2015,1,0
Sierra Leone,22/05/2015,8608,3541
Mali,22/05/2015,7,
United Kingdom,22/05/2015,1,
United States of America,22/05/2015,4,1
Nigeria,22/05/2015,19,7
Senegal,22/05/2015,1,0
United States of America,25/05/2015,4,1
Sierra Leone,25/05/2015,8608,3542
Italy,25/05/2015,1,
Guinea,25/05/2015,3208,1999
Senegal,25/05/2015,1,0
Nigeria,25/05/2015,19,7
Spain,25/05/2015,1,0
United Kingdom,25/05/2015,1,
Mali,25/05/2015,7,
Liberia,25/05/2015,3151,
Liberia,26/05/2015,3151,
United States of America,26/05/2015,4,1
Mali,26/05/2015,7,
Italy,26/05/2015,1,
Nigeria,26/05/2015,19,7
United Kingdom,26/05/2015,1,
Sierra Leone,26/05/2015,8608,3542
Guinea,26/05/2015,3210,2001
Senegal,26/05/2015,1,0
Spain,26/05/2015,1,0
Liberia,27/05/2015,3151,
Nigeria,27/05/2015,19,7
Senegal,27/05/2015,1,0
Mali,27/05/2015,7,
Spain,27/05/2015,1,0
Italy,27/05/2015,1,
United States of America,27/05/2015,4,1
Sierra Leone,27/05/2015,8608,3542
United Kingdom,27/05/2015,1,
Guinea,27/05/2015,3210,2001
Italy,28/05/2015,1,
Mali,28/05/2015,7,
Nigeria,28/05/2015,19,7
United Kingdom,28/05/2015,1,
Liberia,28/05/2015,3151,
Senegal,28/05/2015,1,0
Sierra Leone,28/05/2015,8611,3545
United States of America,28/05/2015,4,1
Guinea,28/05/2015,3214,2004
Spain,28/05/2015,1,0
Sierra Leone,29/05/2015,8614,3545
United Kingdom,29/05/2015,1,
Italy,29/05/2015,1,
Guinea,29/05/2015,3216,2006
Mali,29/05/2015,7,
Liberia,29/05/2015,3151,
United States of America,29/05/2015,4,1
Nigeria,29/05/2015,19,7
Spain,29/05/2015,1,0
Senegal,29/05/2015,1,0
Mali,01/06/2015,7,
United Kingdom,01/06/2015,1,
Guinea,01/06/2015,3220,2009
Sierra Leone,01/06/2015,8618,3545
Spain,01/06/2015,1,0
Senegal,01/06/2015,1,0
Nigeria,01/06/2015,19,7
Liberia,01/06/2015,3151,
Italy,01/06/2015,1,
United States of America,01/06/2015,4,1
Nigeria,02/06/2015,19,7
United States of America,02/06/2015,4,1
United Kingdom,02/06/2015,1,
Senegal,02/06/2015,1,0
Mali,02/06/2015,7,
Italy,02/06/2015,1,
Spain,02/06/2015,1,0
Guinea,02/06/2015,3223,2010
Liberia,02/06/2015,3151,
Sierra Leone,02/06/2015,8620,3546
Nigeria,03/06/2015,19,7
Senegal,03/06/2015,1,0
Guinea,03/06/2015,3223,2010
Mali,03/06/2015,7,
United States of America,03/06/2015,4,1
Liberia,03/06/2015,3151,
Italy,03/06/2015,1,
Spain,03/06/2015,1,0
Sierra Leone,03/06/2015,8620,3546
United Kingdom,03/06/2015,1,
Liberia,04/06/2015,3151,
Italy,04/06/2015,1,
Senegal,04/06/2015,1,0
United States of America,04/06/2015,4,1
Spain,04/06/2015,1,0
United Kingdom,04/06/2015,1,
Guinea,04/06/2015,3227,2012
Mali,04/06/2015,7,
Nigeria,04/06/2015,19,7
Sierra Leone,04/06/2015,8623,3546
Mali,05/06/2015,7,
Liberia,05/06/2015,3151,
Guinea,05/06/2015,3228,2012
United Kingdom,05/06/2015,1,
Sierra Leone,05/06/2015,8624,3546
Senegal,05/06/2015,1,0
Italy,05/06/2015,1,
United States of America,05/06/2015,4,1
Spain,05/06/2015,1,0
Nigeria,05/06/2015,19,7
Mali,08/06/2015,7,
Senegal,08/06/2015,1,0
Guinea,08/06/2015,3237,2016
Liberia,08/06/2015,3151,
United Kingdom,08/06/2015,1,
United States of America,08/06/2015,4,1
Spain,08/06/2015,1,0
Sierra Leone,08/06/2015,8630,3547
Italy,08/06/2015,1,
Nigeria,08/06/2015,19,7
United Kingdom,09/06/2015,1,
Nigeria,09/06/2015,19,7
Liberia,09/06/2015,3151,
Guinea,09/06/2015,3239,2018
Spain,09/06/2015,1,0
United States of America,09/06/2015,4,1
Italy,09/06/2015,1,
Senegal,09/06/2015,1,0
Mali,09/06/2015,7,
Sierra Leone,09/06/2015,8635,3549
Mali,10/06/2015,7,
United Kingdom,10/06/2015,1,
Senegal,10/06/2015,1,0
Sierra Leone,10/06/2015,8635,3549
United States of America,10/06/2015,4,1
Guinea,10/06/2015,3239,2018
Italy,10/06/2015,1,
Nigeria,10/06/2015,19,7
Liberia,10/06/2015,3151,
Spain,10/06/2015,1,0
United Kingdom,11/06/2015,1,
Sierra Leone,11/06/2015,8638,3551
Senegal,11/06/2015,1,0
Liberia,11/06/2015,3151,
Spain,11/06/2015,1,0
Guinea,11/06/2015,3243,2021
Mali,11/06/2015,7,
Italy,11/06/2015,1,
United States of America,11/06/2015,4,1
Nigeria,11/06/2015,19,7
Senegal,12/06/2015,1,0
United Kingdom,12/06/2015,1,
Nigeria,12/06/2015,19,7
Spain,12/06/2015,1,0
Mali,12/06/2015,7,
Liberia,12/06/2015,3151,
United States of America,12/06/2015,4,1
Sierra Leone,12/06/2015,8647,3551
Guinea,12/06/2015,3243,2021
Italy,12/06/2015,1,
Italy,15/06/2015,1,
Sierra Leone,15/06/2015,8649,3553
Nigeria,15/06/2015,19,7
Mali,15/06/2015,7,
United States of America,15/06/2015,4,1
Liberia,15/06/2015,3151,
United Kingdom,15/06/2015,1,
Guinea,15/06/2015,3249,2024
Senegal,15/06/2015,1,0
Spain,15/06/2015,1,0
Mali,16/06/2015,7,
United Kingdom,16/06/2015,1,
Italy,16/06/2015,1,
Spain,16/06/2015,1,0
Sierra Leone,16/06/2015,8649,3553
United States of America,16/06/2015,4,1
Nigeria,16/06/2015,19,7
Liberia,16/06/2015,3151,
Senegal,16/06/2015,1,0
Guinea,16/06/2015,3249,2025
Nigeria,17/06/2015,19,7
Spain,17/06/2015,1,0
Mali,17/06/2015,7,
Senegal,17/06/2015,1,0
United Kingdom,17/06/2015,1,
Sierra Leone,17/06/2015,8649,3553
United States of America,17/06/2015,4,1
Liberia,17/06/2015,3151,
Guinea,17/06/2015,3245,2025
Italy,17/06/2015,1,
Sierra Leone,18/06/2015,8651,3556
Mali,18/06/2015,7,
Italy,18/06/2015,1,
Liberia,18/06/2015,3151,
Nigeria,18/06/2015,19,7
United States of America,18/06/2015,4,1
Guinea,18/06/2015,3246,2026
Spain,18/06/2015,1,0
United Kingdom,18/06/2015,1,
Senegal,18/06/2015,1,0
Sierra Leone,19/06/2015,8654,3560
United States of America,19/06/2015,4,1
Mali,19/06/2015,7,
Spain,19/06/2015,1,0
Guinea,19/06/2015,3247,2027
Liberia,19/06/2015,3151,
Nigeria,19/06/2015,19,7
Italy,19/06/2015,1,
United Kingdom,19/06/2015,1,
Senegal,19/06/2015,1,0
Nigeria,22/06/2015,19,7
Liberia,22/06/2015,3151,
Sierra Leone,22/06/2015,8657,3562
United Kingdom,22/06/2015,1,
Italy,22/06/2015,1,
Spain,22/06/2015,1,0
United States of America,22/06/2015,4,1
Senegal,22/06/2015,1,0
Guinea,22/06/2015,3254,2028
Mali,22/06/2015,7,
Spain,23/06/2015,1,0
United States of America,23/06/2015,4,1
Senegal,23/06/2015,1,0
United Kingdom,23/06/2015,1,
Nigeria,23/06/2015,19,7
Sierra Leone,23/06/2015,8657,3562
Guinea,23/06/2015,3257,2030
Liberia,23/06/2015,3151,
Mali,23/06/2015,7,
Italy,23/06/2015,1,
United Kingdom,24/06/2015,1,
Sierra Leone,24/06/2015,8657,3562
Mali,24/06/2015,7,
Senegal,24/06/2015,1,0
United States of America,24/06/2015,4,1
Guinea,24/06/2015,3257,2030
Spain,24/06/2015,1,0
Liberia,24/06/2015,3151,
Italy,24/06/2015,1,
Nigeria,24/06/2015,19,7
Guinea,25/06/2015,3264,2037
Senegal,25/06/2015,1,0
Spain,25/06/2015,1,0
Nigeria,25/06/2015,19,7
United States of America,25/06/2015,4,1
Mali,25/06/2015,7,
Italy,25/06/2015,1,
Liberia,25/06/2015,3151,
Sierra Leone,25/06/2015,8660,3565
United Kingdom,25/06/2015,1,
Spain,26/06/2015,1,0
United Kingdom,26/06/2015,1,
Mali,26/06/2015,7,
Italy,26/06/2015,1,
Liberia,26/06/2015,3151,
Nigeria,26/06/2015,19,7
Guinea,26/06/2015,3266,2037
Senegal,26/06/2015,1,0
Sierra Leone,26/06/2015,8662,3565
United States of America,26/06/2015,4,1
Nigeria,29/06/2015,19,7
United Kingdom,29/06/2015,1,
Guinea,29/06/2015,3268,2039
Senegal,29/06/2015,1,0
Liberia,29/06/2015,3151,
Mali,29/06/2015,7,
Spain,29/06/2015,1,0
Italy,29/06/2015,1,
Sierra Leone,29/06/2015,8664,3566
United States of America,29/06/2015,4,1
Senegal,30/06/2015,1,0
Spain,30/06/2015,1,0
United Kingdom,30/06/2015,1,
Sierra Leone,30/06/2015,8665,3566
Guinea,30/06/2015,3269,2039
Mali,30/06/2015,7,
Nigeria,30/06/2015,19,7
United States of America,30/06/2015,4,1
Italy,30/06/2015,1,
Liberia,30/06/2015,3151,
United States of America,01/07/2015,4,1
Guinea,01/07/2015,3269,2039
Senegal,01/07/2015,1,0
Nigeria,01/07/2015,19,7
Mali,01/07/2015,7,
Sierra Leone,01/07/2015,8665,3566
Italy,01/07/2015,1,
Liberia,01/07/2015,3151,
United Kingdom,01/07/2015,1,
Spain,01/07/2015,1,0
United Kingdom,02/07/2015,1,
United States of America,02/07/2015,4,1
Spain,02/07/2015,1,0
Guinea,02/07/2015,3277,2040
Italy,02/07/2015,1,
Senegal,02/07/2015,1,0
Nigeria,02/07/2015,19,7
Liberia,02/07/2015,3151,
Sierra Leone,02/07/2015,8668,3567
Mali,02/07/2015,7,
Senegal,03/07/2015,1,0
Liberia,03/07/2015,3,1
Nigeria,03/07/2015,19,7
Italy,03/07/2015,1,
United States of America,03/07/2015,4,1
Liberia,03/07/2015,3151,
Sierra Leone,03/07/2015,8671,3569
Spain,03/07/2015,1,0
Guinea,03/07/2015,3279,2042
United Kingdom,03/07/2015,1,
Mali,03/07/2015,7,
Nigeria,06/07/2015,19,7
Senegal,06/07/2015,1,0
United States of America,06/07/2015,4,1
Mali,06/07/2015,7,
Liberia,06/07/2015,3151,
Spain,06/07/2015,1,0
Italy,06/07/2015,1,
United Kingdom,06/07/2015,1,
Guinea,06/07/2015,3287,2048
Sierra Leone,06/07/2015,8673,3574
Liberia,06/07/2015,3,1
United Kingdom,07/07/2015,1,
Nigeria,07/07/2015,19,7
United States of America,07/07/2015,4,1
Spain,07/07/2015,1,0
Mali,07/07/2015,7,
Sierra Leone,07/07/2015,8674,3574
Guinea,07/07/2015,3287,2049
Italy,07/07/2015,1,
Senegal,07/07/2015,1,0
Liberia,07/07/2015,3,1
Liberia,07/07/2015,3151,
Liberia,08/07/2015,3,1
Liberia,08/07/2015,3151,
Sierra Leone,08/07/2015,8674,3574
Mali,08/07/2015,7,
United States of America,08/07/2015,4,1
Italy,08/07/2015,1,
Senegal,08/07/2015,1,0
Nigeria,08/07/2015,19,7
United Kingdom,08/07/2015,1,
Guinea,08/07/2015,3287,2049
Spain,08/07/2015,1,0
United States of America,09/07/2015,4,1
Mali,09/07/2015,7,
Guinea,09/07/2015,3290,2055
Italy,09/07/2015,1,
Nigeria,09/07/2015,19,7
United Kingdom,09/07/2015,1,
Spain,09/07/2015,1,0
Liberia,09/07/2015,5,1
Sierra Leone,09/07/2015,8675,3575
Senegal,09/07/2015,1,0
Liberia,09/07/2015,3151,
Spain,10/07/2015,1,0
United States of America,10/07/2015,4,1
Sierra Leone,10/07/2015,8676,3575
Mali,10/07/2015,7,
Guinea,10/07/2015,3293,2055
Nigeria,10/07/2015,19,7
Liberia,10/07/2015,5,1
United Kingdom,10/07/2015,1,
Liberia,10/07/2015,3151,
Italy,10/07/2015,1,
Senegal,10/07/2015,1,0
Italy,13/07/2015,1,
United Kingdom,13/07/2015,1,
Guinea,13/07/2015,3299,2056
Senegal,13/07/2015,1,0
Liberia,13/07/2015,5,1
Sierra Leone,13/07/2015,8687,3580
Spain,13/07/2015,1,0
United States of America,13/07/2015,4,1
Nigeria,13/07/2015,19,7
Liberia,13/07/2015,3151,
Mali,13/07/2015,7,
Spain,14/07/2015,1,0
Senegal,14/07/2015,1,0
United States of America,14/07/2015,4,1
Nigeria,14/07/2015,19,7
Mali,14/07/2015,7,
Sierra Leone,14/07/2015,8688,3581
Liberia,14/07/2015,6,2
Guinea,14/07/2015,3300,2056
Italy,14/07/2015,1,
Liberia,14/07/2015,3151,
United Kingdom,14/07/2015,1,
Mali,15/07/2015,7,
Guinea,15/07/2015,3300,2056
Liberia,15/07/2015,3151,
Italy,15/07/2015,1,
Sierra Leone,15/07/2015,8688,3581
Spain,15/07/2015,1,0
United States of America,15/07/2015,4,1
United Kingdom,15/07/2015,1,
Senegal,15/07/2015,1,0
Liberia,15/07/2015,6,2
Nigeria,15/07/2015,19,7
Liberia,16/07/2015,3151,
United Kingdom,16/07/2015,1,
Nigeria,16/07/2015,19,7
Italy,16/07/2015,1,
Mali,16/07/2015,7,
United States of America,16/07/2015,4,1
Guinea,16/07/2015,3304,2056
Senegal,16/07/2015,1,0
Liberia,16/07/2015,6,2
Spain,16/07/2015,1,0
Sierra Leone,16/07/2015,8688,3581
United States of America,17/07/2015,4,1
Spain,17/07/2015,1,0
United Kingdom,17/07/2015,1,
Liberia,17/07/2015,6,2
Italy,17/07/2015,1,
Senegal,17/07/2015,1,0
Mali,17/07/2015,7,
Guinea,17/07/2015,3310,2059
Liberia,17/07/2015,3151,
Sierra Leone,17/07/2015,8688,3581
Nigeria,17/07/2015,19,7
Guinea,20/07/2015,3322,2061
Nigeria,20/07/2015,19,7
United States of America,20/07/2015,4,1
Spain,20/07/2015,1,0
Sierra Leone,20/07/2015,8692,3583
Liberia,20/07/2015,3151,
Senegal,20/07/2015,1,0
Liberia,20/07/2015,6,2
Mali,20/07/2015,7,
United Kingdom,20/07/2015,1,
Italy,20/07/2015,1,
Liberia,21/07/2015,6,2
Nigeria,21/07/2015,19,7
Sierra Leone,21/07/2015,8692,3583
United States of America,21/07/2015,4,1
United Kingdom,21/07/2015,1,
Italy,21/07/2015,1,
Mali,21/07/2015,7,
Spain,21/07/2015,1,0
Liberia,21/07/2015,3151,
Senegal,21/07/2015,1,0
Guinea,21/07/2015,3322,2062
United States of America,22/07/2015,4,1
Spain,22/07/2015,1,0
Senegal,22/07/2015,1,0
Sierra Leone,22/07/2015,8692,3583
Guinea,22/07/2015,3322,2062
Liberia,22/07/2015,6,2
Mali,22/07/2015,7,
Nigeria,22/07/2015,19,7
United Kingdom,22/07/2015,1,
Italy,22/07/2015,1,
Liberia,22/07/2015,3151,
United States of America,23/07/2015,4,1
Mali,23/07/2015,7,
Italy,23/07/2015,1,
Spain,23/07/2015,1,0
Sierra Leone,23/07/2015,8693,3583
Liberia,23/07/2015,3151,
Senegal,23/07/2015,1,0
United Kingdom,23/07/2015,1,
Nigeria,23/07/2015,19,7
Liberia,23/07/2015,6,2
Guinea,23/07/2015,3325,2066
Mali,24/07/2015,7,
United States of America,24/07/2015,4,1
Liberia,24/07/2015,6,2
Liberia,24/07/2015,3151,
Sierra Leone,24/07/2015,8693,3583
Italy,24/07/2015,1,
Senegal,24/07/2015,1,0
Guinea,24/07/2015,3325,2066
Nigeria,24/07/2015,19,7
United Kingdom,24/07/2015,1,
Spain,24/07/2015,1,0
Spain,27/07/2015,1,0
Italy,27/07/2015,1,
Senegal,27/07/2015,1,0
Guinea,27/07/2015,3325,2068
Liberia,27/07/2015,3151,
Nigeria,27/07/2015,19,7
United States of America,27/07/2015,4,1
Sierra Leone,27/07/2015,8694,3585
Mali,27/07/2015,7,
United Kingdom,27/07/2015,1,
Liberia,27/07/2015,6,2
Italy,28/07/2015,1,
Spain,28/07/2015,1,0
Senegal,28/07/2015,1,0
Guinea,28/07/2015,3326,2069
United Kingdom,28/07/2015,1,
Nigeria,28/07/2015,19,7
Liberia,28/07/2015,6,2
Sierra Leone,28/07/2015,8694,3585
Mali,28/07/2015,7,
Liberia,28/07/2015,3151,
United States of America,28/07/2015,4,1
Mali,29/07/2015,7,
Italy,29/07/2015,1,
Sierra Leone,29/07/2015,8694,3585
Spain,29/07/2015,1,0
Senegal,29/07/2015,1,0
Liberia,29/07/2015,6,2
Guinea,29/07/2015,3326,2069
United Kingdom,29/07/2015,1,
Liberia,29/07/2015,3151,
Nigeria,29/07/2015,19,7
United States of America,29/07/2015,4,1
United Kingdom,30/07/2015,1,
Senegal,30/07/2015,1,0
Liberia,30/07/2015,6,2
Sierra Leone,30/07/2015,8694,3585
United States of America,30/07/2015,4,1
Italy,30/07/2015,1,
Nigeria,30/07/2015,19,7
Liberia,30/07/2015,3151,
Guinea,30/07/2015,3326,2069
Spain,30/07/2015,1,0
Mali,30/07/2015,7,
Mali,31/07/2015,7,
Nigeria,31/07/2015,19,7
United States of America,31/07/2015,4,1
Senegal,31/07/2015,1,0
Liberia,31/07/2015,3151,
Guinea,31/07/2015,3326,2069
Sierra Leone,31/07/2015,8694,3585
Italy,31/07/2015,1,
Liberia,31/07/2015,6,2
United Kingdom,31/07/2015,1,
Spain,31/07/2015,1,0
Italy,03/08/2015,1,
United States of America,03/08/2015,4,1
Spain,03/08/2015,1,0
United Kingdom,03/08/2015,1,
Nigeria,03/08/2015,19,7
Guinea,03/08/2015,3327,2070
Liberia,03/08/2015,6,2
Sierra Leone,03/08/2015,8695,3585
Liberia,03/08/2015,3151,
Senegal,03/08/2015,1,0
Mali,03/08/2015,7,
Liberia,04/08/2015,3151,
United Kingdom,04/08/2015,1,
Spain,04/08/2015,1,0
Liberia,04/08/2015,6,2
Mali,04/08/2015,7,
Nigeria,04/08/2015,19,7
United States of America,04/08/2015,4,1
Italy,04/08/2015,1,
Guinea,04/08/2015,3327,2070
Sierra Leone,04/08/2015,8695,3585
Senegal,04/08/2015,1,0
Sierra Leone,05/08/2015,8695,3585
Liberia,05/08/2015,6,2
United States of America,05/08/2015,4,1
Spain,05/08/2015,1,0
Senegal,05/08/2015,1,0
United Kingdom,05/08/2015,1,
Liberia,05/08/2015,3151,
Italy,05/08/2015,1,
Guinea,05/08/2015,3327,2070
Nigeria,05/08/2015,19,7
Mali,05/08/2015,7,
Mali,06/08/2015,7,
Senegal,06/08/2015,1,0
Sierra Leone,06/08/2015,8696,3585
Liberia,06/08/2015,3151,
United Kingdom,06/08/2015,1,
Liberia,06/08/2015,6,2
United States of America,06/08/2015,4,1
Italy,06/08/2015,1,
Spain,06/08/2015,1,0
Guinea,06/08/2015,3329,2072
Nigeria,06/08/2015,19,7
United States of America,07/08/2015,4,1
Mali,07/08/2015,7,
Senegal,07/08/2015,1,0
United Kingdom,07/08/2015,1,
Nigeria,07/08/2015,19,7
Spain,07/08/2015,1,0
Italy,07/08/2015,1,
Guinea,07/08/2015,3329,2072
Liberia,07/08/2015,3151,
Liberia,07/08/2015,6,2
Sierra Leone,07/08/2015,8696,3585
Liberia,10/08/2015,6,2
Senegal,10/08/2015,1,0
United Kingdom,10/08/2015,1,
Spain,10/08/2015,1,0
Guinea,10/08/2015,3329,2072
Sierra Leone,10/08/2015,8697,3585
Mali,10/08/2015,7,
Liberia,10/08/2015,3151,
Italy,10/08/2015,1,
Nigeria,10/08/2015,19,7
United States of America,10/08/2015,4,1
Sierra Leone,11/08/2015,8697,3585
Spain,11/08/2015,1,0
Guinea,11/08/2015,3329,2072
Nigeria,11/08/2015,19,7
Italy,11/08/2015,1,
United States of America,11/08/2015,4,1
Liberia,11/08/2015,6,2
Mali,11/08/2015,7,
United Kingdom,11/08/2015,1,
Senegal,11/08/2015,1,0
Liberia,11/08/2015,3151,
Guinea,12/08/2015,3329,2072
Liberia,12/08/2015,6,2
Nigeria,12/08/2015,19,7
Spain,12/08/2015,1,0
Senegal,12/08/2015,1,0
United States of America,12/08/2015,4,1
Italy,12/08/2015,1,
Mali,12/08/2015,7,
Sierra Leone,12/08/2015,8697,3585
Liberia,12/08/2015,3151,
United Kingdom,12/08/2015,1,
Liberia,13/08/2015,3151,
Guinea,13/08/2015,3330,2072
Nigeria,13/08/2015,19,7
Liberia,13/08/2015,6,2
United Kingdom,13/08/2015,1,
Italy,13/08/2015,1,
United States of America,13/08/2015,4,1
Mali,13/08/2015,7,
Sierra Leone,13/08/2015,8697,3585
Spain,13/08/2015,1,0
Senegal,13/08/2015,1,0
Italy,14/08/2015,1,
Mali,14/08/2015,7,
Liberia,14/08/2015,3151,
Guinea,14/08/2015,3330,2072
United States of America,14/08/2015,4,1
Liberia,14/08/2015,6,2
Spain,14/08/2015,1,0
Nigeria,14/08/2015,19,7
Sierra Leone,14/08/2015,8697,3586
Senegal,14/08/2015,1,0
United Kingdom,14/08/2015,1,
Mali,17/08/2015,7,
Liberia,17/08/2015,3151,
Italy,17/08/2015,1,
Senegal,17/08/2015,1,0
Guinea,17/08/2015,3332,2072
United States of America,17/08/2015,4,1
Liberia,17/08/2015,6,2
Spain,17/08/2015,1,0
Nigeria,17/08/2015,19,7
Sierra Leone,17/08/2015,8697,3586
United Kingdom,17/08/2015,1,
United Kingdom,18/08/2015,1,
Guinea,18/08/2015,3332,2072
Liberia,18/08/2015,3151,
Spain,18/08/2015,1,0
Italy,18/08/2015,1,
Sierra Leone,18/08/2015,8697,3586
United States of America,18/08/2015,4,1
Nigeria,18/08/2015,19,7
Liberia,18/08/2015,6,2
Senegal,18/08/2015,1,0
Mali,18/08/2015,7,
Liberia,19/08/2015,6,2
Nigeria,19/08/2015,19,7
United Kingdom,19/08/2015,1,
Guinea,19/08/2015,3332,2072
Spain,19/08/2015,1,0
Sierra Leone,19/08/2015,8697,3586
Mali,19/08/2015,7,
Liberia,19/08/2015,3151,
Senegal,19/08/2015,1,0
United States of America,19/08/2015,4,1
Italy,19/08/2015,1,
Spain,20/08/2015,1,0
Guinea,20/08/2015,3334,2074
Liberia,20/08/2015,3151,
United States of America,20/08/2015,4,1
United Kingdom,20/08/2015,1,
Italy,20/08/2015,1,
Senegal,20/08/2015,1,0
Liberia,20/08/2015,6,2
Sierra Leone,20/08/2015,8697,3586
Mali,20/08/2015,7,
Nigeria,20/08/2015,19,7
Liberia,21/08/2015,6,2
United Kingdom,21/08/2015,1,
Italy,21/08/2015,1,
Spain,21/08/2015,1,0
Liberia,21/08/2015,3151,
Guinea,21/08/2015,3334,2074
Mali,21/08/2015,7,
United States of America,21/08/2015,4,1
Nigeria,21/08/2015,19,7
Sierra Leone,21/08/2015,8697,3586
Senegal,21/08/2015,1,0
United States of America,24/08/2015,4,1
Senegal,24/08/2015,1,0
Guinea,24/08/2015,3334,2075
Nigeria,24/08/2015,19,7
Italy,24/08/2015,1,
Liberia,24/08/2015,6,2
Spain,24/08/2015,1,0
United Kingdom,24/08/2015,1,
Sierra Leone,24/08/2015,8697,3586
Mali,24/08/2015,7,
Liberia,24/08/2015,3151,
Spain,25/08/2015,1,0
Sierra Leone,25/08/2015,8697,3586
Nigeria,25/08/2015,19,7
United States of America,25/08/2015,4,1
Senegal,25/08/2015,1,0
Liberia,25/08/2015,3151,
Guinea,25/08/2015,3335,2075
Italy,25/08/2015,1,
Liberia,25/08/2015,6,2
United Kingdom,25/08/2015,1,
Mali,25/08/2015,7,
Senegal,26/08/2015,1,0
Liberia,26/08/2015,6,2
Italy,26/08/2015,1,
Liberia,26/08/2015,3151,
Nigeria,26/08/2015,19,7
Guinea,26/08/2015,3335,2075
Mali,26/08/2015,7,
United Kingdom,26/08/2015,1,
Spain,26/08/2015,1,0
United States of America,26/08/2015,4,1
Sierra Leone,26/08/2015,8697,3586
United States of America,27/08/2015,4,1
Spain,27/08/2015,1,0
Liberia,27/08/2015,3151,
Italy,27/08/2015,1,
Mali,27/08/2015,7,
Senegal,27/08/2015,1,0
United Kingdom,27/08/2015,1,
Sierra Leone,27/08/2015,8697,3586
Guinea,27/08/2015,3336,2076
Liberia,27/08/2015,6,2
Nigeria,27/08/2015,19,7
Guinea,28/08/2015,3336,2076
Liberia,28/08/2015,6,2
Nigeria,28/08/2015,19,7
United States of America,28/08/2015,4,1
Sierra Leone,28/08/2015,8697,3586
Liberia,28/08/2015,3151,
United Kingdom,28/08/2015,1,
Senegal,28/08/2015,1,0
Mali,28/08/2015,7,
Italy,28/08/2015,1,
Spain,28/08/2015,1,0
Nigeria,31/08/2015,19,7
United Kingdom,31/08/2015,1,
Mali,31/08/2015,7,
Sierra Leone,31/08/2015,8698,3587
Liberia,31/08/2015,3151,
Spain,31/08/2015,1,0
Liberia,31/08/2015,6,2
United States of America,31/08/2015,4,1
Guinea,31/08/2015,3337,2076
Italy,31/08/2015,1,
Senegal,31/08/2015,1,0
Sierra Leone,01/09/2015,8698,3587
Senegal,01/09/2015,1,0
Mali,01/09/2015,7,
Liberia,01/09/2015,3151,
Liberia,01/09/2015,6,2
Spain,01/09/2015,1,0
Guinea,01/09/2015,3337,2077
Nigeria,01/09/2015,19,7
Italy,01/09/2015,1,
United States of America,01/09/2015,4,1
United Kingdom,01/09/2015,1,
Liberia,02/09/2015,3151,
United Kingdom,02/09/2015,1,
Liberia,02/09/2015,6,2
Senegal,02/09/2015,1,0
Mali,02/09/2015,7,
United States of America,02/09/2015,4,1
Spain,02/09/2015,1,0
Italy,02/09/2015,1,
Guinea,02/09/2015,3337,2077
Sierra Leone,02/09/2015,8698,3587
Nigeria,02/09/2015,19,7
Mali,03/09/2015,7,
United States of America,03/09/2015,4,1
United Kingdom,03/09/2015,1,
Senegal,03/09/2015,1,0
Spain,03/09/2015,1,0
Italy,03/09/2015,1,
Guinea,03/09/2015,3338,2077
Nigeria,03/09/2015,19,7
Liberia,03/09/2015,6,2
Sierra Leone,03/09/2015,8698,3587
Liberia,03/09/2015,3151,
Liberia,04/09/2015,3151,
United Kingdom,04/09/2015,1,
Liberia,04/09/2015,6,2
Sierra Leone,04/09/2015,8698,3587
Nigeria,04/09/2015,19,7
Guinea,04/09/2015,3338,2077
Senegal,04/09/2015,1,0
Italy,04/09/2015,1,
United States of America,04/09/2015,4,1
Mali,04/09/2015,7,
Spain,04/09/2015,1,0
Senegal,07/09/2015,1,0
Italy,07/09/2015,1,
Guinea,07/09/2015,3338,2078
Nigeria,07/09/2015,19,7
United States of America,07/09/2015,4,1
Mali,07/09/2015,7,
Sierra Leone,07/09/2015,8699,3587
Liberia,07/09/2015,6,2
Liberia,07/09/2015,3151,
Spain,07/09/2015,1,0
United Kingdom,07/09/2015,1,
Mali,08/09/2015,7,
Spain,08/09/2015,1,0
Nigeria,08/09/2015,19,7
Guinea,08/09/2015,3338,2078
Sierra Leone,08/09/2015,8699,3587
Senegal,08/09/2015,1,0
Liberia,08/09/2015,6,2
United Kingdom,08/09/2015,1,
Liberia,08/09/2015,3151,
Italy,08/09/2015,1,
United States of America,08/09/2015,4,1
Senegal,09/09/2015,1,0
United States of America,09/09/2015,4,1
Italy,09/09/2015,1,
Guinea,09/09/2015,3338,2078
Spain,09/09/2015,1,0
Nigeria,09/09/2015,19,7
Liberia,09/09/2015,3151,
Sierra Leone,09/09/2015,8699,3587
Mali,09/09/2015,7,
Liberia,09/09/2015,6,2
United Kingdom,09/09/2015,1,
Liberia,10/09/2015,3151,
Guinea,10/09/2015,3338,2078
Liberia,10/09/2015,6,2
Sierra Leone,10/09/2015,8702,3587
Italy,10/09/2015,1,
Nigeria,10/09/2015,19,7
United Kingdom,10/09/2015,1,
Senegal,10/09/2015,1,0
United States of America,10/09/2015,4,1
Mali,10/09/2015,7,
Spain,10/09/2015,1,0
Italy,11/09/2015,1,
Sierra Leone,11/09/2015,8703,3587
Liberia,11/09/2015,3151,
United States of America,11/09/2015,4,1
Liberia,11/09/2015,6,2
United Kingdom,11/09/2015,1,
Nigeria,11/09/2015,19,7
Senegal,11/09/2015,1,0
Guinea,11/09/2015,3338,2078
Spain,11/09/2015,1,0
Mali,11/09/2015,7,
Liberia,14/09/2015,6,2
Mali,14/09/2015,7,
Italy,14/09/2015,1,
Senegal,14/09/2015,1,0
Spain,14/09/2015,1,0
Sierra Leone,14/09/2015,8703,3587
Liberia,14/09/2015,3151,
United Kingdom,14/09/2015,1,
United States of America,14/09/2015,4,1
Nigeria,14/09/2015,19,7
Guinea,14/09/2015,3338,2078
Italy,15/09/2015,1,
Spain,15/09/2015,1,0
Guinea,15/09/2015,3338,2078
Senegal,15/09/2015,1,0
Liberia,15/09/2015,6,2
Mali,15/09/2015,7,
United Kingdom,15/09/2015,1,
Liberia,15/09/2015,3151,
United States of America,15/09/2015,4,1
Nigeria,15/09/2015,19,7
Sierra Leone,15/09/2015,8704,3587
Liberia,16/09/2015,6,2
Guinea,16/09/2015,3338,2078
Italy,16/09/2015,1,
Spain,16/09/2015,1,0
Sierra Leone,16/09/2015,8704,3587
Nigeria,16/09/2015,19,7
United Kingdom,16/09/2015,1,
Senegal,16/09/2015,1,0
United States of America,16/09/2015,4,1
Mali,16/09/2015,7,
Liberia,16/09/2015,3151,
Liberia,17/09/2015,3151,
Nigeria,17/09/2015,19,7
United States of America,17/09/2015,4,1
Senegal,17/09/2015,1,0
Mali,17/09/2015,7,
Italy,17/09/2015,1,
United Kingdom,17/09/2015,1,
Guinea,17/09/2015,3338,2078
Spain,17/09/2015,1,0
Sierra Leone,17/09/2015,8704,3589
Liberia,17/09/2015,6,2
Nigeria,18/09/2015,19,7
United States of America,18/09/2015,4,1
Senegal,18/09/2015,1,0
Liberia,18/09/2015,3151,
Mali,18/09/2015,7,
United Kingdom,18/09/2015,1,
Italy,18/09/2015,1,
Spain,18/09/2015,1,0
Sierra Leone,18/09/2015,8704,3589
Guinea,18/09/2015,3339,2079
Liberia,18/09/2015,6,2
Liberia,21/09/2015,6,2
Italy,21/09/2015,1,
Sierra Leone,21/09/2015,8704,3589
Liberia,21/09/2015,3151,
Spain,21/09/2015,1,0
United States of America,21/09/2015,4,1
Guinea,21/09/2015,3340,2079
United Kingdom,21/09/2015,1,
Mali,21/09/2015,7,
Nigeria,21/09/2015,19,7
Senegal,21/09/2015,1,0
Italy,22/09/2015,1,
Senegal,22/09/2015,1,0
Liberia,22/09/2015,3151,
United Kingdom,22/09/2015,1,
Spain,22/09/2015,1,0
Mali,22/09/2015,7,
Nigeria,22/09/2015,19,7
Liberia,22/09/2015,6,2
Sierra Leone,22/09/2015,8704,3589
Guinea,22/09/2015,3340,2079
United States of America,22/09/2015,4,1
Senegal,23/09/2015,1,0
Sierra Leone,23/09/2015,8704,3589
Liberia,23/09/2015,6,2
Liberia,23/09/2015,3151,
Guinea,23/09/2015,3340,2079
Mali,23/09/2015,7,
United States of America,23/09/2015,4,1
United Kingdom,23/09/2015,1,
Spain,23/09/2015,1,0
Nigeria,23/09/2015,19,7
Italy,23/09/2015,1,
United States of America,24/09/2015,4,1
Guinea,24/09/2015,3340,2080
Senegal,24/09/2015,1,0
United Kingdom,24/09/2015,1,
Liberia,24/09/2015,3151,
Nigeria,24/09/2015,19,7
Italy,24/09/2015,1,
Sierra Leone,24/09/2015,8704,3589
Liberia,24/09/2015,6,2
Spain,24/09/2015,1,0
Mali,24/09/2015,7,
Italy,25/09/2015,1,
Sierra Leone,25/09/2015,8704,3589
Liberia,25/09/2015,3151,
United States of America,25/09/2015,4,1
Guinea,25/09/2015,3340,2080
Spain,25/09/2015,1,0
Liberia,25/09/2015,6,2
Mali,25/09/2015,7,
Senegal,25/09/2015,1,0
Nigeria,25/09/2015,19,7
United Kingdom,25/09/2015,1,
Sierra Leone,28/09/2015,8704,3589
United States of America,28/09/2015,4,1
Guinea,28/09/2015,3342,2080
Senegal,28/09/2015,1,0
Mali,28/09/2015,7,
United Kingdom,28/09/2015,1,
Spain,28/09/2015,1,0
Nigeria,28/09/2015,19,7
Liberia,28/09/2015,3151,
Italy,28/09/2015,1,
Liberia,28/09/2015,6,2
Guinea,29/09/2015,3344,2080
Nigeria,29/09/2015,19,7
Liberia,29/09/2015,3151,
United States of America,29/09/2015,4,1
Sierra Leone,29/09/2015,8704,3589
Mali,29/09/2015,7,
Spain,29/09/2015,1,0
United Kingdom,29/09/2015,1,
Italy,29/09/2015,1,
Liberia,29/09/2015,6,2
Senegal,29/09/2015,1,0
Liberia,30/09/2015,6,2
Nigeria,30/09/2015,19,7
Liberia,30/09/2015,3151,
Spain,30/09/2015,1,0
United Kingdom,30/09/2015,1,
United States of America,30/09/2015,4,1
Guinea,30/09/2015,3344,2080
Senegal,30/09/2015,1,0
Mali,30/09/2015,7,
Sierra Leone,30/09/2015,8704,3589
Italy,30/09/2015,1,
Guinea,01/10/2015,3344,2080
United States of America,01/10/2015,4,1
Nigeria,01/10/2015,19,7
Liberia,01/10/2015,6,2
Liberia,01/10/2015,3151,
Spain,01/10/2015,1,0
Sierra Leone,01/10/2015,8704,3589
United Kingdom,01/10/2015,1,
Mali,01/10/2015,7,
Senegal,01/10/2015,1,0
Italy,01/10/2015,1,
Senegal,02/10/2015,1,0
Sierra Leone,02/10/2015,8704,3589
Liberia,02/10/2015,3151,
Mali,02/10/2015,7,
United States of America,02/10/2015,4,1
Guinea,02/10/2015,3344,2080
Nigeria,02/10/2015,19,7
United Kingdom,02/10/2015,1,
Liberia,02/10/2015,6,2
Spain,02/10/2015,1,0
Italy,02/10/2015,1,
Italy,05/10/2015,1,
Liberia,05/10/2015,6,2
Senegal,05/10/2015,1,0
Guinea,05/10/2015,3344,2081
Sierra Leone,05/10/2015,8704,3589
United Kingdom,05/10/2015,1,
Spain,05/10/2015,1,0
Liberia,05/10/2015,3151,
United States of America,05/10/2015,4,1
Mali,05/10/2015,7,
Nigeria,05/10/2015,19,7
Spain,06/10/2015,1,0
Sierra Leone,06/10/2015,8704,3589
United States of America,06/10/2015,4,1
Liberia,06/10/2015,6,2
United Kingdom,06/10/2015,1,
Guinea,06/10/2015,3344,2081
Italy,06/10/2015,1,
Liberia,06/10/2015,3151,
Mali,06/10/2015,7,
Nigeria,06/10/2015,19,7
Senegal,06/10/2015,1,0
Italy,07/10/2015,1,
Guinea,07/10/2015,3344,2081
Senegal,07/10/2015,1,0
Nigeria,07/10/2015,19,7
Sierra Leone,07/10/2015,8704,3589
United States of America,07/10/2015,4,1
Liberia,07/10/2015,3151,
Spain,07/10/2015,1,0
Mali,07/10/2015,7,
United Kingdom,07/10/2015,1,
Liberia,07/10/2015,6,2
Spain,08/10/2015,1,0
Nigeria,08/10/2015,19,7
Liberia,08/10/2015,6,2
Guinea,08/10/2015,3344,2081
Senegal,08/10/2015,1,0
United States of America,08/10/2015,4,1
Sierra Leone,08/10/2015,8704,3589
Mali,08/10/2015,7,
Liberia,08/10/2015,3151,
United Kingdom,08/10/2015,1,
Italy,08/10/2015,1,
United States of America,09/10/2015,4,1
Senegal,09/10/2015,1,0
United Kingdom,09/10/2015,1,
Liberia,09/10/2015,6,2
Spain,09/10/2015,1,0
Guinea,09/10/2015,3344,2081
Mali,09/10/2015,7,
Sierra Leone,09/10/2015,8704,3589
Liberia,09/10/2015,3151,
Italy,09/10/2015,1,
Nigeria,09/10/2015,19,7
Sierra Leone,13/10/2015,8704,3589
Nigeria,13/10/2015,19,7
Mali,13/10/2015,7,
Guinea,13/10/2015,3344,2081
United Kingdom,13/10/2015,1,
United States of America,13/10/2015,4,1
Senegal,13/10/2015,1,0
Italy,13/10/2015,1,
Liberia,13/10/2015,6,2
Liberia,13/10/2015,3151,
Spain,13/10/2015,1,0
Mali,15/10/2015,7,
United States of America,15/10/2015,4,1
Liberia,15/10/2015,3151,
Italy,15/10/2015,1,
Liberia,15/10/2015,6,2
Guinea,15/10/2015,3345,2081
Sierra Leone,15/10/2015,8704,3589
Spain,15/10/2015,1,0
Nigeria,15/10/2015,19,7
Senegal,15/10/2015,1,0
United Kingdom,15/10/2015,1,
Nigeria,16/10/2015,19,7
United Kingdom,16/10/2015,1,
Liberia,16/10/2015,6,2
Sierra Leone,16/10/2015,8704,3589
Mali,16/10/2015,7,
Senegal,16/10/2015,1,0
Guinea,16/10/2015,3346,2082
United States of America,16/10/2015,4,1
Liberia,16/10/2015,3151,
Italy,16/10/2015,1,
Spain,16/10/2015,1,0
Nigeria,20/10/2015,19,7
Italy,20/10/2015,1,
Liberia,20/10/2015,6,2
United States of America,20/10/2015,4,1
Spain,20/10/2015,1,0
Sierra Leone,20/10/2015,8704,3589
Liberia,20/10/2015,3151,
Mali,20/10/2015,7,
Guinea,20/10/2015,3347,2082
Senegal,20/10/2015,1,0
United Kingdom,20/10/2015,1,
United States of America,22/10/2015,4,1
Sierra Leone,22/10/2015,8704,3589
Italy,22/10/2015,1,
Mali,22/10/2015,7,
United Kingdom,22/10/2015,1,
Liberia,22/10/2015,6,2
Nigeria,22/10/2015,19,7
Spain,22/10/2015,1,0
Liberia,22/10/2015,3151,
Guinea,22/10/2015,3347,2082
Senegal,22/10/2015,1,0
Italy,23/10/2015,1,
Liberia,23/10/2015,3151,
Senegal,23/10/2015,1,0
Liberia,23/10/2015,6,2
Spain,23/10/2015,1,0
United Kingdom,23/10/2015,1,
Sierra Leone,23/10/2015,8704,3589
Mali,23/10/2015,7,
United States of America,23/10/2015,4,1
Nigeria,23/10/2015,19,7
Guinea,23/10/2015,3347,2082
Spain,26/10/2015,1,0
United Kingdom,26/10/2015,1,
Nigeria,26/10/2015,19,7
Guinea,26/10/2015,3350,2082
Mali,26/10/2015,7,
Italy,26/10/2015,1,
Liberia,26/10/2015,6,2
Liberia,26/10/2015,3151,
Senegal,26/10/2015,1,0
Sierra Leone,26/10/2015,8704,3589
United States of America,26/10/2015,4,1
Guinea,27/10/2015,3350,2082
Nigeria,27/10/2015,19,7
Senegal,27/10/2015,1,0
United States of America,27/10/2015,4,1
Italy,27/10/2015,1,
Mali,27/10/2015,7,
United Kingdom,27/10/2015,1,
Liberia,27/10/2015,3151,
Liberia,27/10/2015,6,2
Spain,27/10/2015,1,0
Sierra Leone,27/10/2015,8704,3589
Nigeria,29/10/2015,19,7
Italy,29/10/2015,1,
Sierra Leone,29/10/2015,8704,3589
Liberia,29/10/2015,3151,
Mali,29/10/2015,7,
Spain,29/10/2015,1,0
United States of America,29/10/2015,4,1
Liberia,29/10/2015,6,2
United Kingdom,29/10/2015,1,
Guinea,29/10/2015,3350,2083
Senegal,29/10/2015,1,0
United Kingdom,30/10/2015,1,
Senegal,30/10/2015,1,0
Nigeria,30/10/2015,19,7
Liberia,30/10/2015,6,2
United States of America,30/10/2015,4,1
Spain,30/10/2015,1,0
Italy,30/10/2015,1,
Guinea,30/10/2015,3350,2083
Sierra Leone,30/10/2015,8704,3589
Liberia,30/10/2015,3151,
Mali,30/10/2015,7,
Nigeria,03/11/2015,19,7
Italy,03/11/2015,1,
Guinea,03/11/2015,3351,2083
Liberia,03/11/2015,6,2
Senegal,03/11/2015,1,0
Sierra Leone,03/11/2015,8704,3589
Liberia,03/11/2015,3151,
United Kingdom,03/11/2015,1,
Spain,03/11/2015,1,0
Mali,03/11/2015,7,
United States of America,03/11/2015,4,1
Nigeria,05/11/2015,19,7
United Kingdom,05/11/2015,1,
Mali,05/11/2015,7,
Senegal,05/11/2015,1,0
Liberia,05/11/2015,6,2
Sierra Leone,05/11/2015,8704,3589
Italy,05/11/2015,1,
Spain,05/11/2015,1,0
Liberia,05/11/2015,3151,
United States of America,05/11/2015,4,1
Guinea,05/11/2015,3351,2083
Italy,06/11/2015,1,
United Kingdom,06/11/2015,1,
Liberia,06/11/2015,3151,
Sierra Leone,06/11/2015,8704,3589
United States of America,06/11/2015,4,1
Liberia,06/11/2015,6,2
Senegal,06/11/2015,1,0
Guinea,06/11/2015,3351,2083
Mali,06/11/2015,7,
Spain,06/11/2015,1,0
Nigeria,06/11/2015,19,7
United States of America,10/11/2015,4,1
Nigeria,10/11/2015,19,7
Guinea,10/11/2015,3351,2083
Italy,10/11/2015,1,
Spain,10/11/2015,1,0
Liberia,10/11/2015,3151,
Senegal,10/11/2015,1,0
United Kingdom,10/11/2015,1,
Mali,10/11/2015,7,
Sierra Leone,10/11/2015,8704,3589
Liberia,10/11/2015,6,2
Italy,11/11/2015,1,
Guinea,11/11/2015,3351,2083
United Kingdom,11/11/2015,1,
Liberia,11/11/2015,3151,
Sierra Leone,11/11/2015,8704,3589
Mali,11/11/2015,7,
United States of America,11/11/2015,4,1
Spain,11/11/2015,1,0
Liberia,11/11/2015,6,2
Nigeria,11/11/2015,19,7
Senegal,11/11/2015,1,0
United States of America,12/11/2015,4,1
Liberia,12/11/2015,3151,
Senegal,12/11/2015,1,0
Sierra Leone,12/11/2015,8704,3589
Spain,12/11/2015,1,0
Mali,12/11/2015,7,
Liberia,12/11/2015,6,2
Nigeria,12/11/2015,19,7
Italy,12/11/2015,1,
United Kingdom,12/11/2015,1,
Guinea,12/11/2015,3351,2083
Mali,16/11/2015,7,
United States of America,16/11/2015,4,1
Liberia,16/11/2015,6,2
Sierra Leone,16/11/2015,8704,3589
Senegal,16/11/2015,1,0
Liberia,16/11/2015,3151,
Nigeria,16/11/2015,19,7
Guinea,16/11/2015,3351,2083
Spain,16/11/2015,1,0
Italy,16/11/2015,1,
United Kingdom,16/11/2015,1,
United Kingdom,17/11/2015,1,
United States of America,17/11/2015,4,1
Italy,17/11/2015,1,
Liberia,17/11/2015,6,2
Guinea,17/11/2015,3351,2083
Sierra Leone,17/11/2015,8704,3589
Senegal,17/11/2015,1,0
Liberia,17/11/2015,3151,
Nigeria,17/11/2015,19,7
Mali,17/11/2015,7,
Spain,17/11/2015,1,0
Liberia,20/11/2015,3151,
Senegal,20/11/2015,1,0
Guinea,20/11/2015,3351,2083
Liberia,20/11/2015,6,2
Sierra Leone,20/11/2015,8704,3589
Spain,20/11/2015,1,0
United States of America,20/11/2015,4,1
Mali,20/11/2015,7,
United Kingdom,20/11/2015,1,
Nigeria,20/11/2015,19,7
Italy,20/11/2015,1,
United States of America,24/11/2015,4,1
Mali,24/11/2015,7,
Liberia,24/11/2015,6,2
Nigeria,24/11/2015,19,7
Senegal,24/11/2015,1,0
Sierra Leone,24/11/2015,8704,3589
United Kingdom,24/11/2015,1,
Guinea,24/11/2015,3351,2083
Italy,24/11/2015,1,
Spain,24/11/2015,1,0
Liberia,24/11/2015,3151,
United States of America,26/11/2015,4,1
Italy,26/11/2015,1,
Guinea,26/11/2015,3351,2083
United Kingdom,26/11/2015,1,
Liberia,26/11/2015,9,2
Spain,26/11/2015,1,0
Liberia,26/11/2015,3151,
Senegal,26/11/2015,1,0
Nigeria,26/11/2015,19,7
Mali,26/11/2015,7,
Sierra Leone,26/11/2015,8704,3589
Nigeria,01/12/2015,19,7
Italy,01/12/2015,1,
Guinea,01/12/2015,3351,2083
Liberia,01/12/2015,9,2
Spain,01/12/2015,1,0
United States of America,01/12/2015,4,1
Liberia,01/12/2015,3151,
Sierra Leone,01/12/2015,8704,3589
Senegal,01/12/2015,1,0
Mali,01/12/2015,7,
United Kingdom,01/12/2015,1,
Guinea,02/12/2015,3351,2083
United Kingdom,02/12/2015,1,
United States of America,02/12/2015,4,1
Liberia,02/12/2015,3151,
Spain,02/12/2015,1,0
Liberia,02/12/2015,9,3
Sierra Leone,02/12/2015,8704,3589
Senegal,02/12/2015,1,0
Mali,02/12/2015,7,
Nigeria,02/12/2015,19,7
Italy,02/12/2015,1,
Guinea,03/12/2015,3351,2083
Liberia,03/12/2015,3151,
Italy,03/12/2015,1,
Liberia,03/12/2015,9,3
Mali,03/12/2015,7,
United States of America,03/12/2015,4,1
United Kingdom,03/12/2015,1,
Spain,03/12/2015,1,0
Nigeria,03/12/2015,19,7
Sierra Leone,03/12/2015,8704,3589
Senegal,03/12/2015,1,0
Guinea,09/12/2015,3351,2083
United Kingdom,09/12/2015,1,
Spain,09/12/2015,1,0
Italy,09/12/2015,1,
Liberia,09/12/2015,3151,
Senegal,09/12/2015,1,0
United States of America,09/12/2015,4,1
Liberia,09/12/2015,9,3
Mali,09/12/2015,7,
Sierra Leone,09/12/2015,8704,3589
Nigeria,09/12/2015,19,7
Italy,10/12/2015,1,
Spain,10/12/2015,1,0
Nigeria,10/12/2015,19,7
Liberia,10/12/2015,9,3
Guinea,10/12/2015,3351,2083
United Kingdom,10/12/2015,1,
United States of America,10/12/2015,4,1
Mali,10/12/2015,7,
Liberia,10/12/2015,3151,
Senegal,10/12/2015,1,0
Sierra Leone,10/12/2015,8704,3589
Spain,11/12/2015,1,0
United States of America,11/12/2015,4,1
Nigeria,11/12/2015,19,7
Senegal,11/12/2015,1,0
Guinea,11/12/2015,3351,2083
Mali,11/12/2015,7,
United Kingdom,11/12/2015,1,
Liberia,11/12/2015,9,3
Italy,11/12/2015,1,
Sierra Leone,11/12/2015,8704,3589
Liberia,11/12/2015,3151,
Sierra Leone,15/12/2015,8704,3589
United States of America,15/12/2015,4,1
Mali,15/12/2015,7,
Spain,15/12/2015,1,0
Italy,15/12/2015,1,
Guinea,15/12/2015,3351,2083
Senegal,15/12/2015,1,0
Nigeria,15/12/2015,19,7
Liberia,15/12/2015,9,3
United Kingdom,15/12/2015,1,
Liberia,15/12/2015,3151,
Spain,16/12/2015,1,0
Mali,16/12/2015,7,
Guinea,16/12/2015,3351,2083
United Kingdom,16/12/2015,1,
Italy,16/12/2015,1,
United States of America,16/12/2015,4,1
Nigeria,16/12/2015,19,7
Senegal,16/12/2015,1,0
Liberia,16/12/2015,3151,
Sierra Leone,16/12/2015,8704,3589
Liberia,16/12/2015,9,3
Liberia,17/12/2015,9,3
Nigeria,17/12/2015,19,7
Spain,17/12/2015,1,0
Liberia,17/12/2015,3151,
Mali,17/12/2015,7,
United Kingdom,17/12/2015,1,
Sierra Leone,17/12/2015,8704,3589
Guinea,17/12/2015,3351,2083
Italy,17/12/2015,1,
Senegal,17/12/2015,1,0
United States of America,17/12/2015,4,1
Nigeria,22/12/2015,19,7
Guinea,22/12/2015,3351,2083
Senegal,22/12/2015,1,0
Liberia,22/12/2015,9,3
Spain,22/12/2015,1,0
Mali,22/12/2015,7,
Sierra Leone,22/12/2015,8704,3589
United Kingdom,22/12/2015,1,
Italy,22/12/2015,1,
United States of America,22/12/2015,4,1
Liberia,22/12/2015,3151,
United Kingdom,23/12/2015,1,
Italy,23/12/2015,1,
Guinea,23/12/2015,3351,2083
Senegal,23/12/2015,1,0
Liberia,23/12/2015,3151,
Spain,23/12/2015,1,0
Mali,23/12/2015,7,
Sierra Leone,23/12/2015,8704,3589
Liberia,23/12/2015,9,3
Nigeria,23/12/2015,19,7
United States of America,23/12/2015,4,1
United Kingdom,29/12/2015,1,
Italy,29/12/2015,1,
Spain,29/12/2015,1,0
Liberia,29/12/2015,3151,
Liberia,29/12/2015,9,3
Sierra Leone,29/12/2015,8704,3589
Mali,29/12/2015,7,
Guinea,29/12/2015,3351,2083
United States of America,29/12/2015,4,1
Nigeria,29/12/2015,19,7
Senegal,29/12/2015,1,0
Guinea,23/03/2016,3351,2083
Spain,23/03/2016,1,0
Sierra Leone,23/03/2016,8704,3589
Senegal,23/03/2016,1,0
Mali,23/03/2016,7,
United Kingdom,23/03/2016,1,
Liberia,23/03/2016,9,3
Liberia,23/03/2016,3151,
Italy,23/03/2016,1,
Liberia,23/03/2016,2,1
Nigeria,23/03/2016,19,7
United States of America,23/03/2016,4,1
